pay_type,column_type,dep_count,min_amount,max_amount,tax_amount
monthly,kou,0,0,105000,0
monthly,kou,1,0,105000,0
monthly,kou,2,0,105000,0
monthly,kou,3,0,105000,0
monthly,kou,4,0,105000,0
monthly,kou,5,0,105000,0
monthly,kou,6,0,105000,0
monthly,kou,7,0,105000,0
monthly,otsu,0,0,105000,3063
monthly,kou,0,105000,107000,170
monthly,kou,1,105000,107000,0
monthly,kou,2,105000,107000,0
monthly,kou,3,105000,107000,0
monthly,kou,4,105000,107000,0
monthly,kou,5,105000,107000,0
monthly,kou,6,105000,107000,0
monthly,kou,7,105000,107000,0
monthly,otsu,0,105000,107000,3800
monthly,kou,0,107000,109000,280
monthly,kou,1,107000,109000,0
monthly,kou,2,107000,109000,0
monthly,kou,3,107000,109000,0
monthly,kou,4,107000,109000,0
monthly,kou,5,107000,109000,0
monthly,kou,6,107000,109000,0
monthly,kou,7,107000,109000,0
monthly,otsu,0,107000,109000,3800
monthly,kou,0,109000,111000,380
monthly,kou,1,109000,111000,0
monthly,kou,2,109000,111000,0
monthly,kou,3,109000,111000,0
monthly,kou,4,109000,111000,0
monthly,kou,5,109000,111000,0
monthly,kou,6,109000,111000,0
monthly,kou,7,109000,111000,0
monthly,otsu,0,109000,111000,3900
monthly,kou,0,111000,113000,480
monthly,kou,1,111000,113000,0
monthly,kou,2,111000,113000,0
monthly,kou,3,111000,113000,0
monthly,kou,4,111000,113000,0
monthly,kou,5,111000,113000,0
monthly,kou,6,111000,113000,0
monthly,kou,7,111000,113000,0
monthly,otsu,0,111000,113000,4000
monthly,kou,0,113000,115000,580
monthly,kou,1,113000,115000,0
monthly,kou,2,113000,115000,0
monthly,kou,3,113000,115000,0
monthly,kou,4,113000,115000,0
monthly,kou,5,113000,115000,0
monthly,kou,6,113000,115000,0
monthly,kou,7,113000,115000,0
monthly,otsu,0,113000,115000,4100
monthly,kou,0,115000,117000,680
monthly,kou,1,115000,117000,0
monthly,kou,2,115000,117000,0
monthly,kou,3,115000,117000,0
monthly,kou,4,115000,117000,0
monthly,kou,5,115000,117000,0
monthly,kou,6,115000,117000,0
monthly,kou,7,115000,117000,0
monthly,otsu,0,115000,117000,4100
monthly,kou,0,117000,119000,790
monthly,kou,1,117000,119000,0
monthly,kou,2,117000,119000,0
monthly,kou,3,117000,119000,0
monthly,kou,4,117000,119000,0
monthly,kou,5,117000,119000,0
monthly,kou,6,117000,119000,0
monthly,kou,7,117000,119000,0
monthly,otsu,0,117000,119000,4200
monthly,kou,0,119000,121000,890
monthly,kou,1,119000,121000,0
monthly,kou,2,119000,121000,0
monthly,kou,3,119000,121000,0
monthly,kou,4,119000,121000,0
monthly,kou,5,119000,121000,0
monthly,kou,6,119000,121000,0
monthly,kou,7,119000,121000,0
monthly,otsu,0,119000,121000,4300
monthly,kou,0,121000,123000,990
monthly,kou,1,121000,123000,0
monthly,kou,2,121000,123000,0
monthly,kou,3,121000,123000,0
monthly,kou,4,121000,123000,0
monthly,kou,5,121000,123000,0
monthly,kou,6,121000,123000,0
monthly,kou,7,121000,123000,0
monthly,otsu,0,121000,123000,4300
monthly,kou,0,123000,125000,1090
monthly,kou,1,123000,125000,0
monthly,kou,2,123000,125000,0
monthly,kou,3,123000,125000,0
monthly,kou,4,123000,125000,0
monthly,kou,5,123000,125000,0
monthly,kou,6,123000,125000,0
monthly,kou,7,123000,125000,0
monthly,otsu,0,123000,125000,4400
monthly,kou,0,125000,127000,1190
monthly,kou,1,125000,127000,0
monthly,kou,2,125000,127000,0
monthly,kou,3,125000,127000,0
monthly,kou,4,125000,127000,0
monthly,kou,5,125000,127000,0
monthly,kou,6,125000,127000,0
monthly,kou,7,125000,127000,0
monthly,otsu,0,125000,127000,4700
monthly,kou,0,127000,129000,1300
monthly,kou,1,127000,129000,0
monthly,kou,2,127000,129000,0
monthly,kou,3,127000,129000,0
monthly,kou,4,127000,129000,0
monthly,kou,5,127000,129000,0
monthly,kou,6,127000,129000,0
monthly,kou,7,127000,129000,0
monthly,otsu,0,127000,129000,5000
monthly,kou,0,129000,131000,1400
monthly,kou,1,129000,131000,0
monthly,kou,2,129000,131000,0
monthly,kou,3,129000,131000,0
monthly,kou,4,129000,131000,0
monthly,kou,5,129000,131000,0
monthly,kou,6,129000,131000,0
monthly,kou,7,129000,131000,0
monthly,otsu,0,129000,131000,5300
monthly,kou,0,131000,133000,1500
monthly,kou,1,131000,133000,0
monthly,kou,2,131000,133000,0
monthly,kou,3,131000,133000,0
monthly,kou,4,131000,133000,0
monthly,kou,5,131000,133000,0
monthly,kou,6,131000,133000,0
monthly,kou,7,131000,133000,0
monthly,otsu,0,131000,133000,5500
monthly,kou,0,133000,135000,1600
monthly,kou,1,133000,135000,0
monthly,kou,2,133000,135000,0
monthly,kou,3,133000,135000,0
monthly,kou,4,133000,135000,0
monthly,kou,5,133000,135000,0
monthly,kou,6,133000,135000,0
monthly,kou,7,133000,135000,0
monthly,otsu,0,133000,135000,5800
monthly,kou,0,135000,137000,1710
monthly,kou,1,135000,137000,0
monthly,kou,2,135000,137000,0
monthly,kou,3,135000,137000,0
monthly,kou,4,135000,137000,0
monthly,kou,5,135000,137000,0
monthly,kou,6,135000,137000,0
monthly,kou,7,135000,137000,0
monthly,otsu,0,135000,137000,6100
monthly,kou,0,137000,139000,1810
monthly,kou,1,137000,139000,190
monthly,kou,2,137000,139000,0
monthly,kou,3,137000,139000,0
monthly,kou,4,137000,139000,0
monthly,kou,5,137000,139000,0
monthly,kou,6,137000,139000,0
monthly,kou,7,137000,139000,0
monthly,otsu,0,137000,139000,6400
monthly,kou,0,139000,141000,1910
monthly,kou,1,139000,141000,300
monthly,kou,2,139000,141000,0
monthly,kou,3,139000,141000,0
monthly,kou,4,139000,141000,0
monthly,kou,5,139000,141000,0
monthly,kou,6,139000,141000,0
monthly,kou,7,139000,141000,0
monthly,otsu,0,139000,141000,6700
monthly,kou,0,141000,143000,2010
monthly,kou,1,141000,143000,400
monthly,kou,2,141000,143000,0
monthly,kou,3,141000,143000,0
monthly,kou,4,141000,143000,0
monthly,kou,5,141000,143000,0
monthly,kou,6,141000,143000,0
monthly,kou,7,141000,143000,0
monthly,otsu,0,141000,143000,7000
monthly,kou,0,143000,145000,2110
monthly,kou,1,143000,145000,500
monthly,kou,2,143000,145000,0
monthly,kou,3,143000,145000,0
monthly,kou,4,143000,145000,0
monthly,kou,5,143000,145000,0
monthly,kou,6,143000,145000,0
monthly,kou,7,143000,145000,0
monthly,otsu,0,143000,145000,7400
monthly,kou,0,145000,147000,2220
monthly,kou,1,145000,147000,600
monthly,kou,2,145000,147000,0
monthly,kou,3,145000,147000,0
monthly,kou,4,145000,147000,0
monthly,kou,5,145000,147000,0
monthly,kou,6,145000,147000,0
monthly,kou,7,145000,147000,0
monthly,otsu,0,145000,147000,7700
monthly,kou,0,147000,149000,2320
monthly,kou,1,147000,149000,700
monthly,kou,2,147000,149000,0
monthly,kou,3,147000,149000,0
monthly,kou,4,147000,149000,0
monthly,kou,5,147000,149000,0
monthly,kou,6,147000,149000,0
monthly,kou,7,147000,149000,0
monthly,otsu,0,147000,149000,8000
monthly,kou,0,149000,151000,2420
monthly,kou,1,149000,151000,810
monthly,kou,2,149000,151000,0
monthly,kou,3,149000,151000,0
monthly,kou,4,149000,151000,0
monthly,kou,5,149000,151000,0
monthly,kou,6,149000,151000,0
monthly,kou,7,149000,151000,0
monthly,otsu,0,149000,151000,8300
monthly,kou,0,151000,153000,2520
monthly,kou,1,151000,153000,910
monthly,kou,2,151000,153000,0
monthly,kou,3,151000,153000,0
monthly,kou,4,151000,153000,0
monthly,kou,5,151000,153000,0
monthly,kou,6,151000,153000,0
monthly,kou,7,151000,153000,0
monthly,otsu,0,151000,153000,8600
monthly,kou,0,153000,155000,2620
monthly,kou,1,153000,155000,1010
monthly,kou,2,153000,155000,0
monthly,kou,3,153000,155000,0
monthly,kou,4,153000,155000,0
monthly,kou,5,153000,155000,0
monthly,kou,6,153000,155000,0
monthly,kou,7,153000,155000,0
monthly,otsu,0,153000,155000,8900
monthly,kou,0,155000,157000,2730
monthly,kou,1,155000,157000,1110
monthly,kou,2,155000,157000,0
monthly,kou,3,155000,157000,0
monthly,kou,4,155000,157000,0
monthly,kou,5,155000,157000,0
monthly,kou,6,155000,157000,0
monthly,kou,7,155000,157000,0
monthly,otsu,0,155000,157000,9200
monthly,kou,0,157000,159000,2830
monthly,kou,1,157000,159000,1210
monthly,kou,2,157000,159000,0
monthly,kou,3,157000,159000,0
monthly,kou,4,157000,159000,0
monthly,kou,5,157000,159000,0
monthly,kou,6,157000,159000,0
monthly,kou,7,157000,159000,0
monthly,otsu,0,157000,159000,9500
monthly,kou,0,159000,161000,2910
monthly,kou,1,159000,161000,1300
monthly,kou,2,159000,161000,0
monthly,kou,3,159000,161000,0
monthly,kou,4,159000,161000,0
monthly,kou,5,159000,161000,0
monthly,kou,6,159000,161000,0
monthly,kou,7,159000,161000,0
monthly,otsu,0,159000,161000,9800
monthly,kou,0,161000,163000,2980
monthly,kou,1,161000,163000,1370
monthly,kou,2,161000,163000,0
monthly,kou,3,161000,163000,0
monthly,kou,4,161000,163000,0
monthly,kou,5,161000,163000,0
monthly,kou,6,161000,163000,0
monthly,kou,7,161000,163000,0
monthly,otsu,0,161000,163000,10100
monthly,kou,0,163000,165000,3050
monthly,kou,1,163000,165000,1440
monthly,kou,2,163000,165000,0
monthly,kou,3,163000,165000,0
monthly,kou,4,163000,165000,0
monthly,kou,5,163000,165000,0
monthly,kou,6,163000,165000,0
monthly,kou,7,163000,165000,0
monthly,otsu,0,163000,165000,10400
monthly,kou,0,165000,167000,3120
monthly,kou,1,165000,167000,1510
monthly,kou,2,165000,167000,0
monthly,kou,3,165000,167000,0
monthly,kou,4,165000,167000,0
monthly,kou,5,165000,167000,0
monthly,kou,6,165000,167000,0
monthly,kou,7,165000,167000,0
monthly,otsu,0,165000,167000,10700
monthly,kou,0,167000,169000,3200
monthly,kou,1,167000,169000,1580
monthly,kou,2,167000,169000,0
monthly,kou,3,167000,169000,0
monthly,kou,4,167000,169000,0
monthly,kou,5,167000,169000,0
monthly,kou,6,167000,169000,0
monthly,kou,7,167000,169000,0
monthly,otsu,0,167000,169000,11000
monthly,kou,0,169000,171000,3270
monthly,kou,1,169000,171000,1650
monthly,kou,2,169000,171000,0
monthly,kou,3,169000,171000,0
monthly,kou,4,169000,171000,0
monthly,kou,5,169000,171000,0
monthly,kou,6,169000,171000,0
monthly,kou,7,169000,171000,0
monthly,otsu,0,169000,171000,11300
monthly,kou,0,171000,173000,3340
monthly,kou,1,171000,173000,1730
monthly,kou,2,171000,173000,100
monthly,kou,3,171000,173000,0
monthly,kou,4,171000,173000,0
monthly,kou,5,171000,173000,0
monthly,kou,6,171000,173000,0
monthly,kou,7,171000,173000,0
monthly,otsu,0,171000,173000,11500
monthly,kou,0,173000,175000,3410
monthly,kou,1,173000,175000,1800
monthly,kou,2,173000,175000,170
monthly,kou,3,173000,175000,0
monthly,kou,4,173000,175000,0
monthly,kou,5,173000,175000,0
monthly,kou,6,173000,175000,0
monthly,kou,7,173000,175000,0
monthly,otsu,0,173000,175000,11800
monthly,kou,0,175000,177000,3480
monthly,kou,1,175000,177000,1870
monthly,kou,2,175000,177000,250
monthly,kou,3,175000,177000,0
monthly,kou,4,175000,177000,0
monthly,kou,5,175000,177000,0
monthly,kou,6,175000,177000,0
monthly,kou,7,175000,177000,0
monthly,otsu,0,175000,177000,12100
monthly,kou,0,177000,179000,3550
monthly,kou,1,177000,179000,1940
monthly,kou,2,177000,179000,320
monthly,kou,3,177000,179000,0
monthly,kou,4,177000,179000,0
monthly,kou,5,177000,179000,0
monthly,kou,6,177000,179000,0
monthly,kou,7,177000,179000,0
monthly,otsu,0,177000,179000,12500
monthly,kou,0,179000,181000,3620
monthly,kou,1,179000,181000,2010
monthly,kou,2,179000,181000,390
monthly,kou,3,179000,181000,0
monthly,kou,4,179000,181000,0
monthly,kou,5,179000,181000,0
monthly,kou,6,179000,181000,0
monthly,kou,7,179000,181000,0
monthly,otsu,0,179000,181000,12800
monthly,kou,0,181000,183000,3700
monthly,kou,1,181000,183000,2080
monthly,kou,2,181000,183000,460
monthly,kou,3,181000,183000,0
monthly,kou,4,181000,183000,0
monthly,kou,5,181000,183000,0
monthly,kou,6,181000,183000,0
monthly,kou,7,181000,183000,0
monthly,otsu,0,181000,183000,13300
monthly,kou,0,183000,185000,3770
monthly,kou,1,183000,185000,2150
monthly,kou,2,183000,185000,530
monthly,kou,3,183000,185000,0
monthly,kou,4,183000,185000,0
monthly,kou,5,183000,185000,0
monthly,kou,6,183000,185000,0
monthly,kou,7,183000,185000,0
monthly,otsu,0,183000,185000,14000
monthly,kou,0,185000,187000,3840
monthly,kou,1,185000,187000,2230
monthly,kou,2,185000,187000,600
monthly,kou,3,185000,187000,0
monthly,kou,4,185000,187000,0
monthly,kou,5,185000,187000,0
monthly,kou,6,185000,187000,0
monthly,kou,7,185000,187000,0
monthly,otsu,0,185000,187000,14700
monthly,kou,0,187000,189000,3910
monthly,kou,1,187000,189000,2300
monthly,kou,2,187000,189000,670
monthly,kou,3,187000,189000,0
monthly,kou,4,187000,189000,0
monthly,kou,5,187000,189000,0
monthly,kou,6,187000,189000,0
monthly,kou,7,187000,189000,0
monthly,otsu,0,187000,189000,15400
monthly,kou,0,189000,191000,3980
monthly,kou,1,189000,191000,2370
monthly,kou,2,189000,191000,750
monthly,kou,3,189000,191000,0
monthly,kou,4,189000,191000,0
monthly,kou,5,189000,191000,0
monthly,kou,6,189000,191000,0
monthly,kou,7,189000,191000,0
monthly,otsu,0,189000,191000,16100
monthly,kou,0,191000,193000,4050
monthly,kou,1,191000,193000,2440
monthly,kou,2,191000,193000,820
monthly,kou,3,191000,193000,0
monthly,kou,4,191000,193000,0
monthly,kou,5,191000,193000,0
monthly,kou,6,191000,193000,0
monthly,kou,7,191000,193000,0
monthly,otsu,0,191000,193000,16800
monthly,kou,0,193000,195000,4120
monthly,kou,1,193000,195000,2510
monthly,kou,2,193000,195000,890
monthly,kou,3,193000,195000,0
monthly,kou,4,193000,195000,0
monthly,kou,5,193000,195000,0
monthly,kou,6,193000,195000,0
monthly,kou,7,193000,195000,0
monthly,otsu,0,193000,195000,17600
monthly,kou,0,195000,197000,4200
monthly,kou,1,195000,197000,2580
monthly,kou,2,195000,197000,960
monthly,kou,3,195000,197000,0
monthly,kou,4,195000,197000,0
monthly,kou,5,195000,197000,0
monthly,kou,6,195000,197000,0
monthly,kou,7,195000,197000,0
monthly,otsu,0,195000,197000,18300
monthly,kou,0,197000,199000,4270
monthly,kou,1,197000,199000,2650
monthly,kou,2,197000,199000,1030
monthly,kou,3,197000,199000,0
monthly,kou,4,197000,199000,0
monthly,kou,5,197000,199000,0
monthly,kou,6,197000,199000,0
monthly,kou,7,197000,199000,0
monthly,otsu,0,197000,199000,19000
monthly,kou,0,199000,201000,4340
monthly,kou,1,199000,201000,2730
monthly,kou,2,199000,201000,1100
monthly,kou,3,199000,201000,0
monthly,kou,4,199000,201000,0
monthly,kou,5,199000,201000,0
monthly,kou,6,199000,201000,0
monthly,kou,7,199000,201000,0
monthly,otsu,0,199000,201000,19700
monthly,kou,0,201000,203000,4410
monthly,kou,1,201000,203000,2800
monthly,kou,2,201000,203000,1170
monthly,kou,3,201000,203000,0
monthly,kou,4,201000,203000,0
monthly,kou,5,201000,203000,0
monthly,kou,6,201000,203000,0
monthly,kou,7,201000,203000,0
monthly,otsu,0,201000,203000,20400
monthly,kou,0,203000,205000,4480
monthly,kou,1,203000,205000,2870
monthly,kou,2,203000,205000,1250
monthly,kou,3,203000,205000,0
monthly,kou,4,203000,205000,0
monthly,kou,5,203000,205000,0
monthly,kou,6,203000,205000,0
monthly,kou,7,203000,205000,0
monthly,otsu,0,203000,205000,21000
monthly,kou,0,205000,207000,4550
monthly,kou,1,205000,207000,2940
monthly,kou,2,205000,207000,1320
monthly,kou,3,205000,207000,0
monthly,kou,4,205000,207000,0
monthly,kou,5,205000,207000,0
monthly,kou,6,205000,207000,0
monthly,kou,7,205000,207000,0
monthly,otsu,0,205000,207000,21700
monthly,kou,0,207000,209000,4630
monthly,kou,1,207000,209000,3010
monthly,kou,2,207000,209000,1390
monthly,kou,3,207000,209000,0
monthly,kou,4,207000,209000,0
monthly,kou,5,207000,209000,0
monthly,kou,6,207000,209000,0
monthly,kou,7,207000,209000,0
monthly,otsu,0,207000,209000,22500
monthly,kou,0,209000,211000,4700
monthly,kou,1,209000,211000,3080
monthly,kou,2,209000,211000,1460
monthly,kou,3,209000,211000,0
monthly,kou,4,209000,211000,0
monthly,kou,5,209000,211000,0
monthly,kou,6,209000,211000,0
monthly,kou,7,209000,211000,0
monthly,otsu,0,209000,211000,23000
monthly,kou,0,211000,213000,4770
monthly,kou,1,211000,213000,3150
monthly,kou,2,211000,213000,1530
monthly,kou,3,211000,213000,0
monthly,kou,4,211000,213000,0
monthly,kou,5,211000,213000,0
monthly,kou,6,211000,213000,0
monthly,kou,7,211000,213000,0
monthly,otsu,0,211000,213000,23600
monthly,kou,0,213000,215000,4840
monthly,kou,1,213000,215000,3230
monthly,kou,2,213000,215000,1600
monthly,kou,3,213000,215000,0
monthly,kou,4,213000,215000,0
monthly,kou,5,213000,215000,0
monthly,kou,6,213000,215000,0
monthly,kou,7,213000,215000,0
monthly,otsu,0,213000,215000,24100
monthly,kou,0,215000,217000,4910
monthly,kou,1,215000,217000,3300
monthly,kou,2,215000,217000,1670
monthly,kou,3,215000,217000,0
monthly,kou,4,215000,217000,0
monthly,kou,5,215000,217000,0
monthly,kou,6,215000,217000,0
monthly,kou,7,215000,217000,0
monthly,otsu,0,215000,217000,24700
monthly,kou,0,217000,219000,4980
monthly,kou,1,217000,219000,3370
monthly,kou,2,217000,219000,1750
monthly,kou,3,217000,219000,130
monthly,kou,4,217000,219000,0
monthly,kou,5,217000,219000,0
monthly,kou,6,217000,219000,0
monthly,kou,7,217000,219000,0
monthly,otsu,0,217000,219000,25300
monthly,kou,0,219000,221000,5050
monthly,kou,1,219000,221000,3440
monthly,kou,2,219000,221000,1820
monthly,kou,3,219000,221000,200
monthly,kou,4,219000,221000,0
monthly,kou,5,219000,221000,0
monthly,kou,6,219000,221000,0
monthly,kou,7,219000,221000,0
monthly,otsu,0,219000,221000,25800
monthly,kou,0,221000,224000,5150
monthly,kou,1,221000,224000,3520
monthly,kou,2,221000,224000,1910
monthly,kou,3,221000,224000,300
monthly,kou,4,221000,224000,0
monthly,kou,5,221000,224000,0
monthly,kou,6,221000,224000,0
monthly,kou,7,221000,224000,0
monthly,otsu,0,221000,224000,26400
monthly,kou,0,224000,227000,5250
monthly,kou,1,224000,227000,3630
monthly,kou,2,224000,227000,2020
monthly,kou,3,224000,227000,400
monthly,kou,4,224000,227000,0
monthly,kou,5,224000,227000,0
monthly,kou,6,224000,227000,0
monthly,kou,7,224000,227000,0
monthly,otsu,0,224000,227000,27500
monthly,kou,0,227000,230000,5360
monthly,kou,1,227000,230000,3740
monthly,kou,2,227000,230000,2120
monthly,kou,3,227000,230000,510
monthly,kou,4,227000,230000,0
monthly,kou,5,227000,230000,0
monthly,kou,6,227000,230000,0
monthly,kou,7,227000,230000,0
monthly,otsu,0,227000,230000,28500
monthly,kou,0,230000,233000,5460
monthly,kou,1,230000,233000,3850
monthly,kou,2,230000,233000,2240
monthly,kou,3,230000,233000,610
monthly,kou,4,230000,233000,0
monthly,kou,5,230000,233000,0
monthly,kou,6,230000,233000,0
monthly,kou,7,230000,233000,0
monthly,otsu,0,230000,233000,29500
monthly,kou,0,233000,236000,5570
monthly,kou,1,233000,236000,3950
monthly,kou,2,233000,236000,2340
monthly,kou,3,233000,236000,720
monthly,kou,4,233000,236000,0
monthly,kou,5,233000,236000,0
monthly,kou,6,233000,236000,0
monthly,kou,7,233000,236000,0
monthly,otsu,0,233000,236000,30500
monthly,kou,0,236000,239000,5680
monthly,kou,1,236000,239000,4060
monthly,kou,2,236000,239000,2450
monthly,kou,3,236000,239000,830
monthly,kou,4,236000,239000,0
monthly,kou,5,236000,239000,0
monthly,kou,6,236000,239000,0
monthly,kou,7,236000,239000,0
monthly,otsu,0,236000,239000,31500
monthly,kou,0,239000,242000,5790
monthly,kou,1,239000,242000,4170
monthly,kou,2,239000,242000,2550
monthly,kou,3,239000,242000,940
monthly,kou,4,239000,242000,0
monthly,kou,5,239000,242000,0
monthly,kou,6,239000,242000,0
monthly,kou,7,239000,242000,0
monthly,otsu,0,239000,242000,32600
monthly,kou,0,242000,245000,5890
monthly,kou,1,242000,245000,4280
monthly,kou,2,242000,245000,2660
monthly,kou,3,242000,245000,1040
monthly,kou,4,242000,245000,0
monthly,kou,5,242000,245000,0
monthly,kou,6,242000,245000,0
monthly,kou,7,242000,245000,0
monthly,otsu,0,242000,245000,33600
monthly,kou,0,245000,248000,6000
monthly,kou,1,245000,248000,4380
monthly,kou,2,245000,248000,2770
monthly,kou,3,245000,248000,1150
monthly,kou,4,245000,248000,0
monthly,kou,5,245000,248000,0
monthly,kou,6,245000,248000,0
monthly,kou,7,245000,248000,0
monthly,otsu,0,245000,248000,34600
monthly,kou,0,248000,251000,6110
monthly,kou,1,248000,251000,4490
monthly,kou,2,248000,251000,2880
monthly,kou,3,248000,251000,1260
monthly,kou,4,248000,251000,0
monthly,kou,5,248000,251000,0
monthly,kou,6,248000,251000,0
monthly,kou,7,248000,251000,0
monthly,otsu,0,248000,251000,35500
monthly,kou,0,251000,254000,6220
monthly,kou,1,251000,254000,4590
monthly,kou,2,251000,254000,2980
monthly,kou,3,251000,254000,1370
monthly,kou,4,251000,254000,0
monthly,kou,5,251000,254000,0
monthly,kou,6,251000,254000,0
monthly,kou,7,251000,254000,0
monthly,otsu,0,251000,254000,36600
monthly,kou,0,254000,257000,6320
monthly,kou,1,254000,257000,4710
monthly,kou,2,254000,257000,3090
monthly,kou,3,254000,257000,1470
monthly,kou,4,254000,257000,0
monthly,kou,5,254000,257000,0
monthly,kou,6,254000,257000,0
monthly,kou,7,254000,257000,0
monthly,otsu,0,254000,257000,37600
monthly,kou,0,257000,260000,6430
monthly,kou,1,257000,260000,4810
monthly,kou,2,257000,260000,3200
monthly,kou,3,257000,260000,1580
monthly,kou,4,257000,260000,0
monthly,kou,5,257000,260000,0
monthly,kou,6,257000,260000,0
monthly,kou,7,257000,260000,0
monthly,otsu,0,257000,260000,38600
monthly,kou,0,260000,263000,6530
monthly,kou,1,260000,263000,4920
monthly,kou,2,260000,263000,3310
monthly,kou,3,260000,263000,1680
monthly,kou,4,260000,263000,0
monthly,kou,5,260000,263000,0
monthly,kou,6,260000,263000,0
monthly,kou,7,260000,263000,0
monthly,otsu,0,260000,263000,39600
monthly,kou,0,263000,266000,6650
monthly,kou,1,263000,266000,5020
monthly,kou,2,263000,266000,3410
monthly,kou,3,263000,266000,1800
monthly,kou,4,263000,266000,170
monthly,kou,5,263000,266000,0
monthly,kou,6,263000,266000,0
monthly,kou,7,263000,266000,0
monthly,otsu,0,263000,266000,40600
monthly,kou,0,266000,269000,6750
monthly,kou,1,266000,269000,5140
monthly,kou,2,266000,269000,3520
monthly,kou,3,266000,269000,1900
monthly,kou,4,266000,269000,290
monthly,kou,5,266000,269000,0
monthly,kou,6,266000,269000,0
monthly,kou,7,266000,269000,0
monthly,otsu,0,266000,269000,41700
monthly,kou,0,269000,272000,6860
monthly,kou,1,269000,272000,5240
monthly,kou,2,269000,272000,3620
monthly,kou,3,269000,272000,2010
monthly,kou,4,269000,272000,390
monthly,kou,5,269000,272000,0
monthly,kou,6,269000,272000,0
monthly,kou,7,269000,272000,0
monthly,otsu,0,269000,272000,42700
monthly,kou,0,272000,275000,6960
monthly,kou,1,272000,275000,5350
monthly,kou,2,272000,275000,3740
monthly,kou,3,272000,275000,2110
monthly,kou,4,272000,275000,500
monthly,kou,5,272000,275000,0
monthly,kou,6,272000,275000,0
monthly,kou,7,272000,275000,0
monthly,otsu,0,272000,275000,43700
monthly,kou,0,275000,278000,7080
monthly,kou,1,275000,278000,5450
monthly,kou,2,275000,278000,3840
monthly,kou,3,275000,278000,2230
monthly,kou,4,275000,278000,600
monthly,kou,5,275000,278000,0
monthly,kou,6,275000,278000,0
monthly,kou,7,275000,278000,0
monthly,otsu,0,275000,278000,44700
monthly,kou,0,278000,281000,7180
monthly,kou,1,278000,281000,5560
monthly,kou,2,278000,281000,3950
monthly,kou,3,278000,281000,2330
monthly,kou,4,278000,281000,710
monthly,kou,5,278000,281000,0
monthly,kou,6,278000,281000,0
monthly,kou,7,278000,281000,0
monthly,otsu,0,278000,281000,45600
monthly,kou,0,281000,284000,7290
monthly,kou,1,281000,284000,5670
monthly,kou,2,281000,284000,4050
monthly,kou,3,281000,284000,2440
monthly,kou,4,281000,284000,820
monthly,kou,5,281000,284000,0
monthly,kou,6,281000,284000,0
monthly,kou,7,281000,284000,0
monthly,otsu,0,281000,284000,46700
monthly,kou,0,284000,287000,7390
monthly,kou,1,284000,287000,5780
monthly,kou,2,284000,287000,4170
monthly,kou,3,284000,287000,2540
monthly,kou,4,284000,287000,930
monthly,kou,5,284000,287000,0
monthly,kou,6,284000,287000,0
monthly,kou,7,284000,287000,0
monthly,otsu,0,284000,287000,47800
monthly,kou,0,287000,290000,7500
monthly,kou,1,287000,290000,5880
monthly,kou,2,287000,290000,4270
monthly,kou,3,287000,290000,2650
monthly,kou,4,287000,290000,1030
monthly,kou,5,287000,290000,0
monthly,kou,6,287000,290000,0
monthly,kou,7,287000,290000,0
monthly,otsu,0,287000,290000,48900
monthly,kou,0,290000,293000,7610
monthly,kou,1,290000,293000,5990
monthly,kou,2,290000,293000,4380
monthly,kou,3,290000,293000,2760
monthly,kou,4,290000,293000,1140
monthly,kou,5,290000,293000,0
monthly,kou,6,290000,293000,0
monthly,kou,7,290000,293000,0
monthly,otsu,0,290000,293000,50000
monthly,kou,0,293000,296000,7720
monthly,kou,1,293000,296000,6100
monthly,kou,2,293000,296000,4480
monthly,kou,3,293000,296000,2870
monthly,kou,4,293000,296000,1250
monthly,kou,5,293000,296000,0
monthly,kou,6,293000,296000,0
monthly,kou,7,293000,296000,0
monthly,otsu,0,293000,296000,51300
monthly,kou,0,296000,299000,7820
monthly,kou,1,296000,299000,6210
monthly,kou,2,296000,299000,4590
monthly,kou,3,296000,299000,2970
monthly,kou,4,296000,299000,1360
monthly,kou,5,296000,299000,0
monthly,kou,6,296000,299000,0
monthly,kou,7,296000,299000,0
monthly,otsu,0,296000,299000,52400
monthly,kou,0,299000,302000,7930
monthly,kou,1,299000,302000,6320
monthly,kou,2,299000,302000,4700
monthly,kou,3,299000,302000,3080
monthly,kou,4,299000,302000,1470
monthly,kou,5,299000,302000,0
monthly,kou,6,299000,302000,0
monthly,kou,7,299000,302000,0
monthly,otsu,0,299000,302000,53600
monthly,kou,0,302000,305000,8060
monthly,kou,1,302000,305000,6440
monthly,kou,2,302000,305000,4820
monthly,kou,3,302000,305000,3210
monthly,kou,4,302000,305000,1590
monthly,kou,5,302000,305000,0
monthly,kou,6,302000,305000,0
monthly,kou,7,302000,305000,0
monthly,otsu,0,302000,305000,54500
monthly,kou,0,305000,308000,8180
monthly,kou,1,305000,308000,6570
monthly,kou,2,305000,308000,4940
monthly,kou,3,305000,308000,3330
monthly,kou,4,305000,308000,1720
monthly,kou,5,305000,308000,0
monthly,kou,6,305000,308000,0
monthly,kou,7,305000,308000,0
monthly,otsu,0,305000,308000,55200
monthly,kou,0,308000,311000,8300
monthly,kou,1,308000,311000,6690
monthly,kou,2,308000,311000,5060
monthly,kou,3,308000,311000,3450
monthly,kou,4,308000,311000,1840
monthly,kou,5,308000,311000,210
monthly,kou,6,308000,311000,0
monthly,kou,7,308000,311000,0
monthly,otsu,0,308000,311000,56100
monthly,kou,0,311000,314000,8550
monthly,kou,1,311000,314000,6810
monthly,kou,2,311000,314000,5190
monthly,kou,3,311000,314000,3570
monthly,kou,4,311000,314000,1960
monthly,kou,5,311000,314000,340
monthly,kou,6,311000,314000,0
monthly,kou,7,311000,314000,0
monthly,otsu,0,311000,314000,56900
monthly,kou,0,314000,317000,8790
monthly,kou,1,314000,317000,6930
monthly,kou,2,314000,317000,5310
monthly,kou,3,314000,317000,3700
monthly,kou,4,314000,317000,2080
monthly,kou,5,314000,317000,460
monthly,kou,6,314000,317000,0
monthly,kou,7,314000,317000,0
monthly,otsu,0,314000,317000,57700
monthly,kou,0,317000,320000,9040
monthly,kou,1,317000,320000,7060
monthly,kou,2,317000,320000,5430
monthly,kou,3,317000,320000,3820
monthly,kou,4,317000,320000,2210
monthly,kou,5,317000,320000,580
monthly,kou,6,317000,320000,0
monthly,kou,7,317000,320000,0
monthly,otsu,0,317000,320000,58500
monthly,kou,0,320000,323000,9280
monthly,kou,1,320000,323000,7180
monthly,kou,2,320000,323000,5550
monthly,kou,3,320000,323000,3940
monthly,kou,4,320000,323000,2330
monthly,kou,5,320000,323000,700
monthly,kou,6,320000,323000,0
monthly,kou,7,320000,323000,0
monthly,otsu,0,320000,323000,59500
monthly,kou,0,323000,326000,9530
monthly,kou,1,323000,326000,7300
monthly,kou,2,323000,326000,5680
monthly,kou,3,323000,326000,4060
monthly,kou,4,323000,326000,2450
monthly,kou,5,323000,326000,830
monthly,kou,6,323000,326000,0
monthly,kou,7,323000,326000,0
monthly,otsu,0,323000,326000,60500
monthly,kou,0,326000,329000,9770
monthly,kou,1,326000,329000,7420
monthly,kou,2,326000,329000,5800
monthly,kou,3,326000,329000,4190
monthly,kou,4,326000,329000,2570
monthly,kou,5,326000,329000,950
monthly,kou,6,326000,329000,0
monthly,kou,7,326000,329000,0
monthly,otsu,0,326000,329000,61600
monthly,kou,0,329000,332000,10020
monthly,kou,1,329000,332000,7550
monthly,kou,2,329000,332000,5920
monthly,kou,3,329000,332000,4310
monthly,kou,4,329000,332000,2700
monthly,kou,5,329000,332000,1070
monthly,kou,6,329000,332000,0
monthly,kou,7,329000,332000,0
monthly,otsu,0,329000,332000,62600
monthly,kou,0,332000,335000,10260
monthly,kou,1,332000,335000,7670
monthly,kou,2,332000,335000,6040
monthly,kou,3,332000,335000,4430
monthly,kou,4,332000,335000,2820
monthly,kou,5,332000,335000,1190
monthly,kou,6,332000,335000,0
monthly,kou,7,332000,335000,0
monthly,otsu,0,332000,335000,63700
monthly,kou,0,335000,338000,10510
monthly,kou,1,335000,338000,7790
monthly,kou,2,335000,338000,6170
monthly,kou,3,335000,338000,4550
monthly,kou,4,335000,338000,2940
monthly,kou,5,335000,338000,1320
monthly,kou,6,335000,338000,0
monthly,kou,7,335000,338000,0
monthly,otsu,0,335000,338000,64700
monthly,kou,0,338000,341000,10750
monthly,kou,1,338000,341000,7910
monthly,kou,2,338000,341000,6290
monthly,kou,3,338000,341000,4680
monthly,kou,4,338000,341000,3060
monthly,kou,5,338000,341000,1440
monthly,kou,6,338000,341000,0
monthly,kou,7,338000,341000,0
monthly,otsu,0,338000,341000,65800
monthly,kou,0,341000,344000,11000
monthly,kou,1,341000,344000,8040
monthly,kou,2,341000,344000,6410
monthly,kou,3,341000,344000,4800
monthly,kou,4,341000,344000,3190
monthly,kou,5,341000,344000,1560
monthly,kou,6,341000,344000,0
monthly,kou,7,341000,344000,0
monthly,otsu,0,341000,344000,66800
monthly,kou,0,344000,347000,11240
monthly,kou,1,344000,347000,8160
monthly,kou,2,344000,347000,6530
monthly,kou,3,344000,347000,4920
monthly,kou,4,344000,347000,3310
monthly,kou,5,344000,347000,1680
monthly,kou,6,344000,347000,0
monthly,kou,7,344000,347000,0
monthly,otsu,0,344000,347000,67800
monthly,kou,0,347000,350000,11490
monthly,kou,1,347000,350000,8280
monthly,kou,2,347000,350000,6660
monthly,kou,3,347000,350000,5040
monthly,kou,4,347000,350000,3430
monthly,kou,5,347000,350000,1810
monthly,kou,6,347000,350000,190
monthly,kou,7,347000,350000,0
monthly,otsu,0,347000,350000,68800
monthly,kou,0,350000,353000,11730
monthly,kou,1,350000,353000,8500
monthly,kou,2,350000,353000,6780
monthly,kou,3,350000,353000,5170
monthly,kou,4,350000,353000,3550
monthly,kou,5,350000,353000,1930
monthly,kou,6,350000,353000,320
monthly,kou,7,350000,353000,0
monthly,otsu,0,350000,353000,69800
monthly,kou,0,353000,356000,11980
monthly,kou,1,353000,356000,8750
monthly,kou,2,353000,356000,6900
monthly,kou,3,353000,356000,5290
monthly,kou,4,353000,356000,3680
monthly,kou,5,353000,356000,2050
monthly,kou,6,353000,356000,440
monthly,kou,7,353000,356000,0
monthly,otsu,0,353000,356000,70900
monthly,kou,0,356000,359000,12220
monthly,kou,1,356000,359000,9000
monthly,kou,2,356000,359000,7020
monthly,kou,3,356000,359000,5410
monthly,kou,4,356000,359000,3800
monthly,kou,5,356000,359000,2170
monthly,kou,6,356000,359000,560
monthly,kou,7,356000,359000,0
monthly,otsu,0,356000,359000,71900
monthly,kou,0,359000,362000,12470
monthly,kou,1,359000,362000,9240
monthly,kou,2,359000,362000,7150
monthly,kou,3,359000,362000,5530
monthly,kou,4,359000,362000,3920
monthly,kou,5,359000,362000,2300
monthly,kou,6,359000,362000,680
monthly,kou,7,359000,362000,0
monthly,otsu,0,359000,362000,72900
monthly,kou,0,362000,365000,12710
monthly,kou,1,362000,365000,9490
monthly,kou,2,362000,365000,7270
monthly,kou,3,362000,365000,5660
monthly,kou,4,362000,365000,4040
monthly,kou,5,362000,365000,2420
monthly,kou,6,362000,365000,810
monthly,kou,7,362000,365000,0
monthly,otsu,0,362000,365000,73900
monthly,kou,0,365000,368000,12960
monthly,kou,1,365000,368000,9730
monthly,kou,2,365000,368000,7390
monthly,kou,3,365000,368000,5780
monthly,kou,4,365000,368000,4170
monthly,kou,5,365000,368000,2540
monthly,kou,6,365000,368000,930
monthly,kou,7,365000,368000,0
monthly,otsu,0,365000,368000,74900
monthly,kou,0,368000,371000,13200
monthly,kou,1,368000,371000,9980
monthly,kou,2,368000,371000,7510
monthly,kou,3,368000,371000,5900
monthly,kou,4,368000,371000,4290
monthly,kou,5,368000,371000,2660
monthly,kou,6,368000,371000,1050
monthly,kou,7,368000,371000,0
monthly,otsu,0,368000,371000,76000
monthly,kou,0,371000,374000,13450
monthly,kou,1,371000,374000,10220
monthly,kou,2,371000,374000,7640
monthly,kou,3,371000,374000,6020
monthly,kou,4,371000,374000,4410
monthly,kou,5,371000,374000,2790
monthly,kou,6,371000,374000,1170
monthly,kou,7,371000,374000,0
monthly,otsu,0,371000,374000,76900
monthly,kou,0,374000,377000,13690
monthly,kou,1,374000,377000,10470
monthly,kou,2,374000,377000,7760
monthly,kou,3,374000,377000,6150
monthly,kou,4,374000,377000,4530
monthly,kou,5,374000,377000,2910
monthly,kou,6,374000,377000,1300
monthly,kou,7,374000,377000,0
monthly,otsu,0,374000,377000,77800
monthly,kou,0,377000,380000,13940
monthly,kou,1,377000,380000,10710
monthly,kou,2,377000,380000,7880
monthly,kou,3,377000,380000,6270
monthly,kou,4,377000,380000,4660
monthly,kou,5,377000,380000,3030
monthly,kou,6,377000,380000,1420
monthly,kou,7,377000,380000,0
monthly,otsu,0,377000,380000,78700
monthly,kou,0,380000,383000,14180
monthly,kou,1,380000,383000,10960
monthly,kou,2,380000,383000,8000
monthly,kou,3,380000,383000,6390
monthly,kou,4,380000,383000,4780
monthly,kou,5,380000,383000,3150
monthly,kou,6,380000,383000,1540
monthly,kou,7,380000,383000,0
monthly,otsu,0,380000,383000,79600
monthly,kou,0,383000,386000,14430
monthly,kou,1,383000,386000,11200
monthly,kou,2,383000,386000,8130
monthly,kou,3,383000,386000,6510
monthly,kou,4,383000,386000,4900
monthly,kou,5,383000,386000,3280
monthly,kou,6,383000,386000,1660
monthly,kou,7,383000,386000,0
monthly,otsu,0,383000,386000,80600
monthly,kou,0,386000,389000,14670
monthly,kou,1,386000,389000,11450
monthly,kou,2,386000,389000,8250
monthly,kou,3,386000,389000,6640
monthly,kou,4,386000,389000,5020
monthly,kou,5,386000,389000,3400
monthly,kou,6,386000,389000,1790
monthly,kou,7,386000,389000,170
monthly,otsu,0,386000,389000,82000
monthly,kou,0,389000,392000,14920
monthly,kou,1,389000,392000,11690
monthly,kou,2,389000,392000,8450
monthly,kou,3,389000,392000,6760
monthly,kou,4,389000,392000,5150
monthly,kou,5,389000,392000,3520
monthly,kou,6,389000,392000,1910
monthly,kou,7,389000,392000,300
monthly,otsu,0,389000,392000,83600
monthly,kou,0,392000,395000,15160
monthly,kou,1,392000,395000,11940
monthly,kou,2,392000,395000,8700
monthly,kou,3,392000,395000,6880
monthly,kou,4,392000,395000,5270
monthly,kou,5,392000,395000,3640
monthly,kou,6,392000,395000,2030
monthly,kou,7,392000,395000,420
monthly,otsu,0,392000,395000,85400
monthly,kou,0,395000,398000,15410
monthly,kou,1,395000,398000,12180
monthly,kou,2,395000,398000,8940
monthly,kou,3,395000,398000,7000
monthly,kou,4,395000,398000,5390
monthly,kou,5,395000,398000,3770
monthly,kou,6,395000,398000,2150
monthly,kou,7,395000,398000,540
monthly,otsu,0,395000,398000,87100
monthly,kou,0,398000,401000,15650
monthly,kou,1,398000,401000,12430
monthly,kou,2,398000,401000,9190
monthly,kou,3,398000,401000,7130
monthly,kou,4,398000,401000,5510
monthly,kou,5,398000,401000,3890
monthly,kou,6,398000,401000,2280
monthly,kou,7,398000,401000,660
monthly,otsu,0,398000,401000,88700
monthly,kou,0,401000,404000,15900
monthly,kou,1,401000,404000,12670
monthly,kou,2,401000,404000,9430
monthly,kou,3,401000,404000,7250
monthly,kou,4,401000,404000,5640
monthly,kou,5,401000,404000,4010
monthly,kou,6,401000,404000,2400
monthly,kou,7,401000,404000,790
monthly,otsu,0,401000,404000,90500
monthly,kou,0,404000,407000,16140
monthly,kou,1,404000,407000,12920
monthly,kou,2,404000,407000,9680
monthly,kou,3,404000,407000,7370
monthly,kou,4,404000,407000,5760
monthly,kou,5,404000,407000,4140
monthly,kou,6,404000,407000,2520
monthly,kou,7,404000,407000,910
monthly,otsu,0,404000,407000,92200
monthly,kou,0,407000,410000,16390
monthly,kou,1,407000,410000,13160
monthly,kou,2,407000,410000,9920
monthly,kou,3,407000,410000,7490
monthly,kou,4,407000,410000,5880
monthly,kou,5,407000,410000,4260
monthly,kou,6,407000,410000,2640
monthly,kou,7,407000,410000,1030
monthly,otsu,0,407000,410000,93800
monthly,kou,0,410000,413000,16630
monthly,kou,1,410000,413000,13410
monthly,kou,2,410000,413000,10170
monthly,kou,3,410000,413000,7620
monthly,kou,4,410000,413000,6000
monthly,kou,5,410000,413000,4380
monthly,kou,6,410000,413000,2770
monthly,kou,7,410000,413000,1150
monthly,otsu,0,410000,413000,95600
monthly,kou,0,413000,416000,16880
monthly,kou,1,413000,416000,13650
monthly,kou,2,413000,416000,10410
monthly,kou,3,413000,416000,7740
monthly,kou,4,413000,416000,6130
monthly,kou,5,413000,416000,4500
monthly,kou,6,413000,416000,2890
monthly,kou,7,413000,416000,1280
monthly,otsu,0,413000,416000,97300
monthly,kou,0,416000,419000,17120
monthly,kou,1,416000,419000,13900
monthly,kou,2,416000,419000,10660
monthly,kou,3,416000,419000,7860
monthly,kou,4,416000,419000,6250
monthly,kou,5,416000,419000,4630
monthly,kou,6,416000,419000,3010
monthly,kou,7,416000,419000,1400
monthly,otsu,0,416000,419000,98900
monthly,kou,0,419000,422000,17370
monthly,kou,1,419000,422000,14140
monthly,kou,2,419000,422000,10900
monthly,kou,3,419000,422000,7980
monthly,kou,4,419000,422000,6370
monthly,kou,5,419000,422000,4750
monthly,kou,6,419000,422000,3130
monthly,kou,7,419000,422000,1520
monthly,otsu,0,419000,422000,100700
monthly,kou,0,422000,425000,17610
monthly,kou,1,422000,425000,14390
monthly,kou,2,422000,425000,11150
monthly,kou,3,422000,425000,8110
monthly,kou,4,422000,425000,6490
monthly,kou,5,422000,425000,4870
monthly,kou,6,422000,425000,3260
monthly,kou,7,422000,425000,1640
monthly,otsu,0,422000,425000,102400
monthly,kou,0,425000,428000,17860
monthly,kou,1,425000,428000,14630
monthly,kou,2,425000,428000,11390
monthly,kou,3,425000,428000,8230
monthly,kou,4,425000,428000,6620
monthly,kou,5,425000,428000,4990
monthly,kou,6,425000,428000,3380
monthly,kou,7,425000,428000,1770
monthly,otsu,0,425000,428000,104000
monthly,kou,0,428000,431000,18100
monthly,kou,1,428000,431000,14880
monthly,kou,2,428000,431000,11640
monthly,kou,3,428000,431000,8400
monthly,kou,4,428000,431000,6740
monthly,kou,5,428000,431000,5120
monthly,kou,6,428000,431000,3500
monthly,kou,7,428000,431000,1890
monthly,otsu,0,428000,431000,105800
monthly,kou,0,431000,434000,18350
monthly,kou,1,431000,434000,15120
monthly,kou,2,431000,434000,11880
monthly,kou,3,431000,434000,8650
monthly,kou,4,431000,434000,6860
monthly,kou,5,431000,434000,5240
monthly,kou,6,431000,434000,3620
monthly,kou,7,431000,434000,2010
monthly,otsu,0,431000,434000,107500
monthly,kou,0,434000,437000,18590
monthly,kou,1,434000,437000,15370
monthly,kou,2,434000,437000,12130
monthly,kou,3,434000,437000,8890
monthly,kou,4,434000,437000,6980
monthly,kou,5,434000,437000,5360
monthly,kou,6,434000,437000,3750
monthly,kou,7,434000,437000,2130
monthly,otsu,0,434000,437000,109100
monthly,kou,0,437000,440000,18840
monthly,kou,1,437000,440000,15610
monthly,kou,2,437000,440000,12370
monthly,kou,3,437000,440000,9140
monthly,kou,4,437000,440000,7110
monthly,kou,5,437000,440000,5480
monthly,kou,6,437000,440000,3870
monthly,kou,7,437000,440000,2260
monthly,otsu,0,437000,440000,110900
monthly,kou,0,440000,443000,19080
monthly,kou,1,440000,443000,15860
monthly,kou,2,440000,443000,12620
monthly,kou,3,440000,443000,9380
monthly,kou,4,440000,443000,7230
monthly,kou,5,440000,443000,5610
monthly,kou,6,440000,443000,3990
monthly,kou,7,440000,443000,2380
monthly,otsu,0,440000,443000,112600
monthly,kou,0,443000,446000,19330
monthly,kou,1,443000,446000,16100
monthly,kou,2,443000,446000,12860
monthly,kou,3,443000,446000,9630
monthly,kou,4,443000,446000,7350
monthly,kou,5,443000,446000,5730
monthly,kou,6,443000,446000,4110
monthly,kou,7,443000,446000,2500
monthly,otsu,0,443000,446000,114200
monthly,kou,0,446000,449000,19570
monthly,kou,1,446000,449000,16350
monthly,kou,2,446000,449000,13110
monthly,kou,3,446000,449000,9870
monthly,kou,4,446000,449000,7470
monthly,kou,5,446000,449000,5850
monthly,kou,6,446000,449000,4240
monthly,kou,7,446000,449000,2620
monthly,otsu,0,446000,449000,116000
monthly,kou,0,449000,452000,19860
monthly,kou,1,449000,452000,16590
monthly,kou,2,449000,452000,13350
monthly,kou,3,449000,452000,10120
monthly,kou,4,449000,452000,7600
monthly,kou,5,449000,452000,5970
monthly,kou,6,449000,452000,4360
monthly,kou,7,449000,452000,2750
monthly,otsu,0,449000,452000,117600
monthly,kou,0,452000,455000,20350
monthly,kou,1,452000,455000,16840
monthly,kou,2,452000,455000,13600
monthly,kou,3,452000,455000,10360
monthly,kou,4,452000,455000,7720
monthly,kou,5,452000,455000,6100
monthly,kou,6,452000,455000,4480
monthly,kou,7,452000,455000,2870
monthly,otsu,0,452000,455000,119400
monthly,kou,0,455000,458000,20840
monthly,kou,1,455000,458000,17080
monthly,kou,2,455000,458000,13840
monthly,kou,3,455000,458000,10610
monthly,kou,4,455000,458000,7840
monthly,kou,5,455000,458000,6220
monthly,kou,6,455000,458000,4600
monthly,kou,7,455000,458000,2990
monthly,otsu,0,455000,458000,121100
monthly,kou,0,458000,461000,21330
monthly,kou,1,458000,461000,17330
monthly,kou,2,458000,461000,14090
monthly,kou,3,458000,461000,10850
monthly,kou,4,458000,461000,7960
monthly,kou,5,458000,461000,6340
monthly,kou,6,458000,461000,4730
monthly,kou,7,458000,461000,3110
monthly,otsu,0,458000,461000,122700
monthly,kou,0,461000,464000,21820
monthly,kou,1,461000,464000,17570
monthly,kou,2,461000,464000,14330
monthly,kou,3,461000,464000,11100
monthly,kou,4,461000,464000,8090
monthly,kou,5,461000,464000,6460
monthly,kou,6,461000,464000,4850
monthly,kou,7,461000,464000,3240
monthly,otsu,0,461000,464000,124500
monthly,kou,0,464000,467000,22310
monthly,kou,1,464000,467000,17820
monthly,kou,2,464000,467000,14580
monthly,kou,3,464000,467000,11340
monthly,kou,4,464000,467000,8210
monthly,kou,5,464000,467000,6590
monthly,kou,6,464000,467000,4970
monthly,kou,7,464000,467000,3360
monthly,otsu,0,464000,467000,126200
monthly,kou,0,467000,470000,22800
monthly,kou,1,467000,470000,18060
monthly,kou,2,467000,470000,14820
monthly,kou,3,467000,470000,11590
monthly,kou,4,467000,470000,8360
monthly,kou,5,467000,470000,6710
monthly,kou,6,467000,470000,5090
monthly,kou,7,467000,470000,3480
monthly,otsu,0,467000,470000,127800
monthly,kou,0,470000,473000,23290
monthly,kou,1,470000,473000,18310
monthly,kou,2,470000,473000,15070
monthly,kou,3,470000,473000,11830
monthly,kou,4,470000,473000,8610
monthly,kou,5,470000,473000,6830
monthly,kou,6,470000,473000,5220
monthly,kou,7,470000,473000,3600
monthly,otsu,0,470000,473000,129600
monthly,kou,0,473000,476000,23780
monthly,kou,1,473000,476000,18550
monthly,kou,2,473000,476000,15320
monthly,kou,3,473000,476000,12080
monthly,kou,4,473000,476000,8850
monthly,kou,5,473000,476000,6950
monthly,kou,6,473000,476000,5340
monthly,kou,7,473000,476000,3730
monthly,otsu,0,473000,476000,131200
monthly,kou,0,476000,479000,24270
monthly,kou,1,476000,479000,18800
monthly,kou,2,476000,479000,15560
monthly,kou,3,476000,479000,12320
monthly,kou,4,476000,479000,9100
monthly,kou,5,476000,479000,7080
monthly,kou,6,476000,479000,5460
monthly,kou,7,476000,479000,3850
monthly,otsu,0,476000,479000,132800
monthly,kou,0,479000,482000,24760
monthly,kou,1,479000,482000,19040
monthly,kou,2,479000,482000,15810
monthly,kou,3,479000,482000,12570
monthly,kou,4,479000,482000,9340
monthly,kou,5,479000,482000,7200
monthly,kou,6,479000,482000,5580
monthly,kou,7,479000,482000,3970
monthly,otsu,0,479000,482000,134500
monthly,kou,0,482000,485000,25250
monthly,kou,1,482000,485000,19290
monthly,kou,2,482000,485000,16050
monthly,kou,3,482000,485000,12810
monthly,kou,4,482000,485000,9590
monthly,kou,5,482000,485000,7320
monthly,kou,6,482000,485000,5710
monthly,kou,7,482000,485000,4090
monthly,otsu,0,482000,485000,136100
monthly,kou,0,485000,488000,25740
monthly,kou,1,485000,488000,19530
monthly,kou,2,485000,488000,16300
monthly,kou,3,485000,488000,13060
monthly,kou,4,485000,488000,9830
monthly,kou,5,485000,488000,7440
monthly,kou,6,485000,488000,5830
monthly,kou,7,485000,488000,4220
monthly,otsu,0,485000,488000,137600
monthly,kou,0,488000,491000,26230
monthly,kou,1,488000,491000,19780
monthly,kou,2,488000,491000,16540
monthly,kou,3,488000,491000,13300
monthly,kou,4,488000,491000,10080
monthly,kou,5,488000,491000,7570
monthly,kou,6,488000,491000,5950
monthly,kou,7,488000,491000,4340
monthly,otsu,0,488000,491000,139300
monthly,kou,0,491000,494000,26720
monthly,kou,1,491000,494000,20260
monthly,kou,2,491000,494000,16790
monthly,kou,3,491000,494000,13550
monthly,kou,4,491000,494000,10320
monthly,kou,5,491000,494000,7690
monthly,kou,6,491000,494000,6070
monthly,kou,7,491000,494000,4460
monthly,otsu,0,491000,494000,140900
monthly,kou,0,494000,497000,27210
monthly,kou,1,494000,497000,20750
monthly,kou,2,494000,497000,17030
monthly,kou,3,494000,497000,13790
monthly,kou,4,494000,497000,10570
monthly,kou,5,494000,497000,7810
monthly,kou,6,494000,497000,6200
monthly,kou,7,494000,497000,4580
monthly,otsu,0,494000,497000,142500
monthly,kou,0,497000,500000,27700
monthly,kou,1,497000,500000,21240
monthly,kou,2,497000,500000,17280
monthly,kou,3,497000,500000,14040
monthly,kou,4,497000,500000,10810
monthly,kou,5,497000,500000,7930
monthly,kou,6,497000,500000,6320
monthly,kou,7,497000,500000,4710
monthly,otsu,0,497000,500000,144100
monthly,kou,0,500000,503000,28190
monthly,kou,1,500000,503000,21730
monthly,kou,2,500000,503000,17520
monthly,kou,3,500000,503000,14280
monthly,kou,4,500000,503000,11060
monthly,kou,5,500000,503000,8060
monthly,kou,6,500000,503000,6440
monthly,kou,7,500000,503000,4830
monthly,otsu,0,500000,503000,145700
monthly,kou,0,503000,506000,28680
monthly,kou,1,503000,506000,22220
monthly,kou,2,503000,506000,17770
monthly,kou,3,503000,506000,14530
monthly,kou,4,503000,506000,11300
monthly,kou,5,503000,506000,8180
monthly,kou,6,503000,506000,6570
monthly,kou,7,503000,506000,4950
monthly,otsu,0,503000,506000,147300
monthly,kou,0,506000,509000,29170
monthly,kou,1,506000,509000,22710
monthly,kou,2,506000,509000,18010
monthly,kou,3,506000,509000,14770
monthly,kou,4,506000,509000,11550
monthly,kou,5,506000,509000,8310
monthly,kou,6,506000,509000,6690
monthly,kou,7,506000,509000,5070
monthly,otsu,0,506000,509000,149000
monthly,kou,0,509000,512000,29660
monthly,kou,1,509000,512000,23200
monthly,kou,2,509000,512000,18260
monthly,kou,3,509000,512000,15020
monthly,kou,4,509000,512000,11790
monthly,kou,5,509000,512000,8560
monthly,kou,6,509000,512000,6810
monthly,kou,7,509000,512000,5200
monthly,otsu,0,509000,512000,150500
monthly,kou,0,512000,515000,30150
monthly,kou,1,512000,515000,23690
monthly,kou,2,512000,515000,18500
monthly,kou,3,512000,515000,15260
monthly,kou,4,512000,515000,12040
monthly,kou,5,512000,515000,8800
monthly,kou,6,512000,515000,6930
monthly,kou,7,512000,515000,5320
monthly,otsu,0,512000,515000,152100
monthly,kou,0,515000,518000,30640
monthly,kou,1,515000,518000,24180
monthly,kou,2,515000,518000,18750
monthly,kou,3,515000,518000,15510
monthly,kou,4,515000,518000,12280
monthly,kou,5,515000,518000,9050
monthly,kou,6,515000,518000,7060
monthly,kou,7,515000,518000,5440
monthly,otsu,0,515000,518000,153800
monthly,kou,0,518000,521000,31130
monthly,kou,1,518000,521000,24670
monthly,kou,2,518000,521000,18990
monthly,kou,3,518000,521000,15750
monthly,kou,4,518000,521000,12530
monthly,kou,5,518000,521000,9290
monthly,kou,6,518000,521000,7180
monthly,kou,7,518000,521000,5560
monthly,otsu,0,518000,521000,155400
monthly,kou,0,521000,524000,31620
monthly,kou,1,521000,524000,25160
monthly,kou,2,521000,524000,19240
monthly,kou,3,521000,524000,16000
monthly,kou,4,521000,524000,12770
monthly,kou,5,521000,524000,9540
monthly,kou,6,521000,524000,7300
monthly,kou,7,521000,524000,5690
monthly,otsu,0,521000,524000,156900
monthly,kou,0,524000,527000,32110
monthly,kou,1,524000,527000,25650
monthly,kou,2,524000,527000,19480
monthly,kou,3,524000,527000,16240
monthly,kou,4,524000,527000,13020
monthly,kou,5,524000,527000,9780
monthly,kou,6,524000,527000,7420
monthly,kou,7,524000,527000,5810
monthly,otsu,0,524000,527000,158600
monthly,kou,0,527000,530000,32600
monthly,kou,1,527000,530000,26140
monthly,kou,2,527000,530000,19730
monthly,kou,3,527000,530000,16490
monthly,kou,4,527000,530000,13260
monthly,kou,5,527000,530000,10030
monthly,kou,6,527000,530000,7550
monthly,kou,7,527000,530000,5930
monthly,otsu,0,527000,530000,160200
monthly,kou,0,530000,533000,33090
monthly,kou,1,530000,533000,26630
monthly,kou,2,530000,533000,20160
monthly,kou,3,530000,533000,16730
monthly,kou,4,530000,533000,13510
monthly,kou,5,530000,533000,10270
monthly,kou,6,530000,533000,7670
monthly,kou,7,530000,533000,6050
monthly,otsu,0,530000,533000,161600
monthly,kou,0,533000,536000,33580
monthly,kou,1,533000,536000,27120
monthly,kou,2,533000,536000,20650
monthly,kou,3,533000,536000,16980
monthly,kou,4,533000,536000,13750
monthly,kou,5,533000,536000,10520
monthly,kou,6,533000,536000,7790
monthly,kou,7,533000,536000,6180
monthly,otsu,0,533000,536000,163200
monthly,kou,0,536000,539000,34070
monthly,kou,1,536000,539000,27610
monthly,kou,2,536000,539000,21140
monthly,kou,3,536000,539000,17220
monthly,kou,4,536000,539000,14000
monthly,kou,5,536000,539000,10760
monthly,kou,6,536000,539000,7910
monthly,kou,7,536000,539000,6300
monthly,otsu,0,536000,539000,164600
monthly,kou,0,539000,542000,34560
monthly,kou,1,539000,542000,28100
monthly,kou,2,539000,542000,21630
monthly,kou,3,539000,542000,17470
monthly,kou,4,539000,542000,14240
monthly,kou,5,539000,542000,11010
monthly,kou,6,539000,542000,8040
monthly,kou,7,539000,542000,6420
monthly,otsu,0,539000,542000,166000
monthly,kou,0,542000,545000,35050
monthly,kou,1,542000,545000,28590
monthly,kou,2,542000,545000,22130
monthly,kou,3,542000,545000,17710
monthly,kou,4,542000,545000,14490
monthly,kou,5,542000,545000,11250
monthly,kou,6,542000,545000,8160
monthly,kou,7,542000,545000,6540
monthly,otsu,0,542000,545000,167500
monthly,kou,0,545000,548000,35540
monthly,kou,1,545000,548000,29080
monthly,kou,2,545000,548000,22620
monthly,kou,3,545000,548000,17960
monthly,kou,4,545000,548000,14730
monthly,kou,5,545000,548000,11500
monthly,kou,6,545000,548000,8280
monthly,kou,7,545000,548000,6670
monthly,otsu,0,545000,548000,169000
monthly,kou,0,548000,551000,36030
monthly,kou,1,548000,551000,29570
monthly,kou,2,548000,551000,23110
monthly,kou,3,548000,551000,18200
monthly,kou,4,548000,551000,14980
monthly,kou,5,548000,551000,11740
monthly,kou,6,548000,551000,8500
monthly,kou,7,548000,551000,6790
monthly,otsu,0,548000,551000,170500
monthly,kou,0,551000,554000,36570
monthly,kou,1,551000,554000,30110
monthly,kou,2,551000,554000,23650
monthly,kou,3,551000,554000,18480
monthly,kou,4,551000,554000,15240
monthly,kou,5,551000,554000,12020
monthly,kou,6,551000,554000,8780
monthly,kou,7,551000,554000,6920
monthly,otsu,0,551000,554000,171900
monthly,kou,0,554000,557000,37120
monthly,kou,1,554000,557000,30660
monthly,kou,2,554000,557000,24200
monthly,kou,3,554000,557000,18760
monthly,kou,4,554000,557000,15520
monthly,kou,5,554000,557000,12290
monthly,kou,6,554000,557000,9060
monthly,kou,7,554000,557000,7060
monthly,otsu,0,554000,557000,173400
monthly,kou,0,557000,560000,37670
monthly,kou,1,557000,560000,31210
monthly,kou,2,557000,560000,24750
monthly,kou,3,557000,560000,19030
monthly,kou,4,557000,560000,15790
monthly,kou,5,557000,560000,12570
monthly,kou,6,557000,560000,9330
monthly,kou,7,557000,560000,7200
monthly,otsu,0,557000,560000,174900
monthly,kou,0,560000,563000,38230
monthly,kou,1,560000,563000,31760
monthly,kou,2,560000,563000,25300
monthly,kou,3,560000,563000,19310
monthly,kou,4,560000,563000,16070
monthly,kou,5,560000,563000,12840
monthly,kou,6,560000,563000,9610
monthly,kou,7,560000,563000,7330
monthly,otsu,0,560000,563000,176300
monthly,kou,0,563000,566000,38780
monthly,kou,1,563000,566000,32310
monthly,kou,2,563000,566000,25850
monthly,kou,3,563000,566000,19580
monthly,kou,4,563000,566000,16350
monthly,kou,5,563000,566000,13120
monthly,kou,6,563000,566000,9880
monthly,kou,7,563000,566000,7470
monthly,otsu,0,563000,566000,177900
monthly,kou,0,566000,569000,39330
monthly,kou,1,566000,569000,32870
monthly,kou,2,566000,569000,26400
monthly,kou,3,566000,569000,19930
monthly,kou,4,566000,569000,16620
monthly,kou,5,566000,569000,13400
monthly,kou,6,566000,569000,10160
monthly,kou,7,566000,569000,7610
monthly,otsu,0,566000,569000,179300
monthly,kou,0,569000,572000,39880
monthly,kou,1,569000,572000,33420
monthly,kou,2,569000,572000,26950
monthly,kou,3,569000,572000,20480
monthly,kou,4,569000,572000,16900
monthly,kou,5,569000,572000,13670
monthly,kou,6,569000,572000,10430
monthly,kou,7,569000,572000,7750
monthly,otsu,0,569000,572000,180700
monthly,kou,0,572000,575000,40430
monthly,kou,1,572000,575000,33970
monthly,kou,2,572000,575000,27510
monthly,kou,3,572000,575000,21030
monthly,kou,4,572000,575000,17170
monthly,kou,5,572000,575000,13950
monthly,kou,6,572000,575000,10710
monthly,kou,7,572000,575000,7880
monthly,otsu,0,572000,575000,182200
monthly,kou,0,575000,578000,40980
monthly,kou,1,575000,578000,34520
monthly,kou,2,575000,578000,28060
monthly,kou,3,575000,578000,21580
monthly,kou,4,575000,578000,17450
monthly,kou,5,575000,578000,14220
monthly,kou,6,575000,578000,10990
monthly,kou,7,575000,578000,8030
monthly,otsu,0,575000,578000,183700
monthly,kou,0,578000,581000,41530
monthly,kou,1,578000,581000,35070
monthly,kou,2,578000,581000,28610
monthly,kou,3,578000,581000,22140
monthly,kou,4,578000,581000,17720
monthly,kou,5,578000,581000,14500
monthly,kou,6,578000,581000,11260
monthly,kou,7,578000,581000,8160
monthly,otsu,0,578000,581000,185200
monthly,kou,0,581000,584000,42090
monthly,kou,1,581000,584000,35620
monthly,kou,2,581000,584000,29160
monthly,kou,3,581000,584000,22690
monthly,kou,4,581000,584000,18000
monthly,kou,5,581000,584000,14770
monthly,kou,6,581000,584000,11540
monthly,kou,7,581000,584000,8300
monthly,otsu,0,581000,584000,186600
monthly,kou,0,584000,587000,42640
monthly,kou,1,584000,587000,36170
monthly,kou,2,584000,587000,29710
monthly,kou,3,584000,587000,23240
monthly,kou,4,584000,587000,18280
monthly,kou,5,584000,587000,15050
monthly,kou,6,584000,587000,11810
monthly,kou,7,584000,587000,8580
monthly,otsu,0,584000,587000,188100
monthly,kou,0,587000,590000,43190
monthly,kou,1,587000,590000,36730
monthly,kou,2,587000,590000,30260
monthly,kou,3,587000,590000,23790
monthly,kou,4,587000,590000,18550
monthly,kou,5,587000,590000,15330
monthly,kou,6,587000,590000,12090
monthly,kou,7,587000,590000,8850
monthly,otsu,0,587000,590000,189600
monthly,kou,0,590000,593000,43740
monthly,kou,1,590000,593000,37280
monthly,kou,2,590000,593000,30810
monthly,kou,3,590000,593000,24340
monthly,kou,4,590000,593000,18830
monthly,kou,5,590000,593000,15600
monthly,kou,6,590000,593000,12360
monthly,kou,7,590000,593000,9130
monthly,otsu,0,590000,593000,191000
monthly,kou,0,593000,596000,44290
monthly,kou,1,593000,596000,37830
monthly,kou,2,593000,596000,31370
monthly,kou,3,593000,596000,24890
monthly,kou,4,593000,596000,19100
monthly,kou,5,593000,596000,15880
monthly,kou,6,593000,596000,12640
monthly,kou,7,593000,596000,9400
monthly,otsu,0,593000,596000,192600
monthly,kou,0,596000,599000,44840
monthly,kou,1,596000,599000,38380
monthly,kou,2,596000,599000,31920
monthly,kou,3,596000,599000,25440
monthly,kou,4,596000,599000,19380
monthly,kou,5,596000,599000,16150
monthly,kou,6,596000,599000,12920
monthly,kou,7,596000,599000,9680
monthly,otsu,0,596000,599000,194000
monthly,kou,0,599000,602000,45390
monthly,kou,1,599000,602000,38930
monthly,kou,2,599000,602000,32470
monthly,kou,3,599000,602000,25990
monthly,kou,4,599000,602000,19650
monthly,kou,5,599000,602000,16430
monthly,kou,6,599000,602000,13190
monthly,kou,7,599000,602000,9950
monthly,otsu,0,599000,602000,195400
monthly,kou,0,602000,605000,45950
monthly,kou,1,602000,605000,39480
monthly,kou,2,602000,605000,33020
monthly,kou,3,602000,605000,26550
monthly,kou,4,602000,605000,20080
monthly,kou,5,602000,605000,16700
monthly,kou,6,602000,605000,13470
monthly,kou,7,602000,605000,10230
monthly,otsu,0,602000,605000,197000
monthly,kou,0,605000,608000,46500
monthly,kou,1,605000,608000,40030
monthly,kou,2,605000,608000,33570
monthly,kou,3,605000,608000,27100
monthly,kou,4,605000,608000,20630
monthly,kou,5,605000,608000,16980
monthly,kou,6,605000,608000,13740
monthly,kou,7,605000,608000,10510
monthly,otsu,0,605000,608000,198400
monthly,kou,0,608000,611000,47050
monthly,kou,1,608000,611000,40580
monthly,kou,2,608000,611000,34120
monthly,kou,3,608000,611000,27650
monthly,kou,4,608000,611000,21190
monthly,kou,5,608000,611000,17250
monthly,kou,6,608000,611000,14020
monthly,kou,7,608000,611000,10780
monthly,otsu,0,608000,611000,199900
monthly,kou,0,611000,614000,47600
monthly,kou,1,611000,614000,41140
monthly,kou,2,611000,614000,34670
monthly,kou,3,611000,614000,28200
monthly,kou,4,611000,614000,21740
monthly,kou,5,611000,614000,17530
monthly,kou,6,611000,614000,14290
monthly,kou,7,611000,614000,11060
monthly,otsu,0,611000,614000,201300
monthly,kou,0,614000,617000,48150
monthly,kou,1,614000,617000,41690
monthly,kou,2,614000,617000,35220
monthly,kou,3,614000,617000,28750
monthly,kou,4,614000,617000,22290
monthly,kou,5,614000,617000,17810
monthly,kou,6,614000,617000,14570
monthly,kou,7,614000,617000,11330
monthly,otsu,0,614000,617000,202800
monthly,kou,0,617000,620000,48700
monthly,kou,1,617000,620000,42240
monthly,kou,2,617000,620000,35780
monthly,kou,3,617000,620000,29300
monthly,kou,4,617000,620000,22840
monthly,kou,5,617000,620000,18080
monthly,kou,6,617000,620000,14850
monthly,kou,7,617000,620000,11610
monthly,otsu,0,617000,620000,204300
monthly,kou,0,620000,623000,49250
monthly,kou,1,620000,623000,42790
monthly,kou,2,620000,623000,36330
monthly,kou,3,620000,623000,29850
monthly,kou,4,620000,623000,23390
monthly,kou,5,620000,623000,18360
monthly,kou,6,620000,623000,15120
monthly,kou,7,620000,623000,11880
monthly,otsu,0,620000,623000,205700
monthly,kou,0,623000,626000,49800
monthly,kou,1,623000,626000,43340
monthly,kou,2,623000,626000,36880
monthly,kou,3,623000,626000,30410
monthly,kou,4,623000,626000,23940
monthly,kou,5,623000,626000,18630
monthly,kou,6,623000,626000,15400
monthly,kou,7,623000,626000,12160
monthly,otsu,0,623000,626000,207300
monthly,kou,0,626000,629000,50360
monthly,kou,1,626000,629000,43890
monthly,kou,2,626000,629000,37430
monthly,kou,3,626000,629000,30960
monthly,kou,4,626000,629000,24490
monthly,kou,5,626000,629000,18910
monthly,kou,6,626000,629000,15670
monthly,kou,7,626000,629000,12440
monthly,otsu,0,626000,629000,208700
monthly,kou,0,629000,632000,50910
monthly,kou,1,629000,632000,44440
monthly,kou,2,629000,632000,37980
monthly,kou,3,629000,632000,31510
monthly,kou,4,629000,632000,25050
monthly,kou,5,629000,632000,19180
monthly,kou,6,629000,632000,15950
monthly,kou,7,629000,632000,12710
monthly,otsu,0,629000,632000,210100
monthly,kou,0,632000,635000,51460
monthly,kou,1,632000,635000,45000
monthly,kou,2,632000,635000,38530
monthly,kou,3,632000,635000,32060
monthly,kou,4,632000,635000,25600
monthly,kou,5,632000,635000,19460
monthly,kou,6,632000,635000,16220
monthly,kou,7,632000,635000,12990
monthly,otsu,0,632000,635000,211700
monthly,kou,0,635000,638000,52010
monthly,kou,1,635000,638000,45550
monthly,kou,2,635000,638000,39080
monthly,kou,3,635000,638000,32610
monthly,kou,4,635000,638000,26150
monthly,kou,5,635000,638000,19740
monthly,kou,6,635000,638000,16500
monthly,kou,7,635000,638000,13260
monthly,otsu,0,635000,638000,213100
monthly,kou,0,638000,641000,52560
monthly,kou,1,638000,641000,46100
monthly,kou,2,638000,641000,39640
monthly,kou,3,638000,641000,33160
monthly,kou,4,638000,641000,26700
monthly,kou,5,638000,641000,20240
monthly,kou,6,638000,641000,16780
monthly,kou,7,638000,641000,13540
monthly,otsu,0,638000,641000,214600
monthly,kou,0,641000,644000,53110
monthly,kou,1,641000,644000,46650
monthly,kou,2,641000,644000,40190
monthly,kou,3,641000,644000,33710
monthly,kou,4,641000,644000,27250
monthly,kou,5,641000,644000,20790
monthly,kou,6,641000,644000,17050
monthly,kou,7,641000,644000,13810
monthly,otsu,0,641000,644000,215900
monthly,kou,0,644000,647000,53660
monthly,kou,1,644000,647000,47200
monthly,kou,2,644000,647000,40740
monthly,kou,3,644000,647000,34260
monthly,kou,4,644000,647000,27800
monthly,kou,5,644000,647000,21340
monthly,kou,6,644000,647000,17330
monthly,kou,7,644000,647000,14090
monthly,otsu,0,644000,647000,217000
monthly,kou,0,647000,650000,54220
monthly,kou,1,647000,650000,47750
monthly,kou,2,647000,650000,41290
monthly,kou,3,647000,650000,34820
monthly,kou,4,647000,650000,28350
monthly,kou,5,647000,650000,21890
monthly,kou,6,647000,650000,17600
monthly,kou,7,647000,650000,14370
monthly,otsu,0,647000,650000,218000
monthly,kou,0,650000,653000,54770
monthly,kou,1,650000,653000,48300
monthly,kou,2,650000,653000,41840
monthly,kou,3,650000,653000,35370
monthly,kou,4,650000,653000,28900
monthly,kou,5,650000,653000,22440
monthly,kou,6,650000,653000,17880
monthly,kou,7,650000,653000,14640
monthly,otsu,0,650000,653000,219000
monthly,kou,0,653000,656000,55320
monthly,kou,1,653000,656000,48850
monthly,kou,2,653000,656000,42390
monthly,kou,3,653000,656000,35920
monthly,kou,4,653000,656000,29460
monthly,kou,5,653000,656000,22990
monthly,kou,6,653000,656000,18150
monthly,kou,7,653000,656000,14920
monthly,otsu,0,653000,656000,220000
monthly,kou,0,656000,659000,55870
monthly,kou,1,656000,659000,49410
monthly,kou,2,656000,659000,42940
monthly,kou,3,656000,659000,36470
monthly,kou,4,656000,659000,30010
monthly,kou,5,656000,659000,23540
monthly,kou,6,656000,659000,18430
monthly,kou,7,656000,659000,15190
monthly,otsu,0,656000,659000,221000
monthly,kou,0,659000,662000,56420
monthly,kou,1,659000,662000,49960
monthly,kou,2,659000,662000,43490
monthly,kou,3,659000,662000,37020
monthly,kou,4,659000,662000,30560
monthly,kou,5,659000,662000,24100
monthly,kou,6,659000,662000,18700
monthly,kou,7,659000,662000,15470
monthly,otsu,0,659000,662000,222100
monthly,kou,0,662000,665000,56970
monthly,kou,1,662000,665000,50510
monthly,kou,2,662000,665000,44050
monthly,kou,3,662000,665000,37570
monthly,kou,4,662000,665000,31110
monthly,kou,5,662000,665000,24650
monthly,kou,6,662000,665000,18980
monthly,kou,7,662000,665000,15740
monthly,otsu,0,662000,665000,223100
monthly,kou,0,665000,668000,57520
monthly,kou,1,665000,668000,51060
monthly,kou,2,665000,668000,44600
monthly,kou,3,665000,668000,38120
monthly,kou,4,665000,668000,31660
monthly,kou,5,665000,668000,25200
monthly,kou,6,665000,668000,19260
monthly,kou,7,665000,668000,16020
monthly,otsu,0,665000,668000,224100
monthly,kou,0,668000,671000,58070
monthly,kou,1,668000,671000,51610
monthly,kou,2,668000,671000,45150
monthly,kou,3,668000,671000,38680
monthly,kou,4,668000,671000,32210
monthly,kou,5,668000,671000,25750
monthly,kou,6,668000,671000,19530
monthly,kou,7,668000,671000,16300
monthly,otsu,0,668000,671000,225000
monthly,kou,0,671000,674000,58630
monthly,kou,1,671000,674000,52160
monthly,kou,2,671000,674000,45700
monthly,kou,3,671000,674000,39230
monthly,kou,4,671000,674000,32760
monthly,kou,5,671000,674000,26300
monthly,kou,6,671000,674000,19830
monthly,kou,7,671000,674000,16570
monthly,otsu,0,671000,674000,226000
monthly,kou,0,674000,677000,59180
monthly,kou,1,674000,677000,52710
monthly,kou,2,674000,677000,46250
monthly,kou,3,674000,677000,39780
monthly,kou,4,674000,677000,33320
monthly,kou,5,674000,677000,26850
monthly,kou,6,674000,677000,20380
monthly,kou,7,674000,677000,16850
monthly,otsu,0,674000,677000,227100
monthly,kou,0,677000,680000,59730
monthly,kou,1,677000,680000,53270
monthly,kou,2,677000,680000,46800
monthly,kou,3,677000,680000,40330
monthly,kou,4,677000,680000,33870
monthly,kou,5,677000,680000,27400
monthly,kou,6,677000,680000,20930
monthly,kou,7,677000,680000,17120
monthly,otsu,0,677000,680000,228100
monthly,kou,0,680000,683000,60280
monthly,kou,1,680000,683000,53820
monthly,kou,2,680000,683000,47350
monthly,kou,3,680000,683000,40880
monthly,kou,4,680000,683000,34420
monthly,kou,5,680000,683000,27950
monthly,kou,6,680000,683000,21480
monthly,kou,7,680000,683000,17400
monthly,otsu,0,680000,683000,229100
monthly,kou,0,683000,686000,60830
monthly,kou,1,683000,686000,54370
monthly,kou,2,683000,686000,47910
monthly,kou,3,683000,686000,41430
monthly,kou,4,683000,686000,34970
monthly,kou,5,683000,686000,28510
monthly,kou,6,683000,686000,22030
monthly,kou,7,683000,686000,17670
monthly,otsu,0,683000,686000,230100
monthly,kou,0,686000,689000,61380
monthly,kou,1,686000,689000,54920
monthly,kou,2,686000,689000,48460
monthly,kou,3,686000,689000,41980
monthly,kou,4,686000,689000,35520
monthly,kou,5,686000,689000,29060
monthly,kou,6,686000,689000,22580
monthly,kou,7,686000,689000,17950
monthly,otsu,0,686000,689000,231500
monthly,kou,0,689000,692000,61930
monthly,kou,1,689000,692000,55470
monthly,kou,2,689000,692000,49010
monthly,kou,3,689000,692000,42530
monthly,kou,4,689000,692000,36070
monthly,kou,5,689000,692000,29610
monthly,kou,6,689000,692000,23140
monthly,kou,7,689000,692000,18220
monthly,otsu,0,689000,692000,233000
monthly,kou,0,692000,695000,62490
monthly,kou,1,692000,695000,56020
monthly,kou,2,692000,695000,49560
monthly,kou,3,692000,695000,43090
monthly,kou,4,692000,695000,36620
monthly,kou,5,692000,695000,30160
monthly,kou,6,692000,695000,23690
monthly,kou,7,692000,695000,18500
monthly,otsu,0,692000,695000,234500
monthly,kou,0,695000,698000,63040
monthly,kou,1,695000,698000,56570
monthly,kou,2,695000,698000,50110
monthly,kou,3,695000,698000,43640
monthly,kou,4,695000,698000,37170
monthly,kou,5,695000,698000,30710
monthly,kou,6,695000,698000,24240
monthly,kou,7,695000,698000,18780
monthly,otsu,0,695000,698000,236100
monthly,kou,0,698000,701000,63590
monthly,kou,1,698000,701000,57120
monthly,kou,2,698000,701000,50660
monthly,kou,3,698000,701000,44190
monthly,kou,4,698000,701000,37730
monthly,kou,5,698000,701000,31260
monthly,kou,6,698000,701000,24790
monthly,kou,7,698000,701000,19050
monthly,otsu,0,698000,701000,237600
monthly,kou,0,701000,704000,64140
monthly,kou,1,701000,704000,57680
monthly,kou,2,701000,704000,51210
monthly,kou,3,701000,704000,44740
monthly,kou,4,701000,704000,38280
monthly,kou,5,701000,704000,31810
monthly,kou,6,701000,704000,25340
monthly,kou,7,701000,704000,19330
monthly,otsu,0,701000,704000,239100
monthly,kou,0,704000,707000,64690
monthly,kou,1,704000,707000,58230
monthly,kou,2,704000,707000,51760
monthly,kou,3,704000,707000,45290
monthly,kou,4,704000,707000,38830
monthly,kou,5,704000,707000,32370
monthly,kou,6,704000,707000,25890
monthly,kou,7,704000,707000,19600
monthly,otsu,0,704000,707000,240800
monthly,kou,0,707000,710000,65250
monthly,kou,1,707000,710000,58780
monthly,kou,2,707000,710000,52320
monthly,kou,3,707000,710000,45850
monthly,kou,4,707000,710000,39380
monthly,kou,5,707000,710000,32920
monthly,kou,6,707000,710000,26450
monthly,kou,7,707000,710000,19980
monthly,otsu,0,707000,710000,242300
monthly,kou,0,710000,713000,65860
monthly,kou,1,710000,713000,59390
monthly,kou,2,710000,713000,52930
monthly,kou,3,710000,713000,46470
monthly,kou,4,710000,713000,39990
monthly,kou,5,710000,713000,33530
monthly,kou,6,710000,713000,27070
monthly,kou,7,710000,713000,20590
monthly,otsu,0,710000,713000,243800
monthly,kou,0,713000,716000,66480
monthly,kou,1,713000,716000,60000
monthly,kou,2,713000,716000,53540
monthly,kou,3,713000,716000,47080
monthly,kou,4,713000,716000,40610
monthly,kou,5,713000,716000,34140
monthly,kou,6,713000,716000,27680
monthly,kou,7,713000,716000,21210
monthly,otsu,0,713000,716000,245300
monthly,kou,0,716000,719000,67090
monthly,kou,1,716000,719000,60620
monthly,kou,2,716000,719000,54150
monthly,kou,3,716000,719000,47690
monthly,kou,4,716000,719000,41220
monthly,kou,5,716000,719000,34750
monthly,kou,6,716000,719000,28290
monthly,kou,7,716000,719000,21820
monthly,otsu,0,716000,719000,246900
monthly,kou,0,719000,722000,67700
monthly,kou,1,719000,722000,61230
monthly,kou,2,719000,722000,54770
monthly,kou,3,719000,722000,48300
monthly,kou,4,719000,722000,41830
monthly,kou,5,719000,722000,35370
monthly,kou,6,719000,722000,28900
monthly,kou,7,719000,722000,22430
monthly,otsu,0,719000,722000,248400
monthly,kou,0,722000,725000,68320
monthly,kou,1,722000,725000,61840
monthly,kou,2,722000,725000,55380
monthly,kou,3,722000,725000,48920
monthly,kou,4,722000,725000,42440
monthly,kou,5,722000,725000,35980
monthly,kou,6,722000,725000,29520
monthly,kou,7,722000,725000,23040
monthly,otsu,0,722000,725000,250000
monthly,kou,0,725000,728000,68930
monthly,kou,1,725000,728000,62450
monthly,kou,2,725000,728000,55990
monthly,kou,3,725000,728000,49530
monthly,kou,4,725000,728000,43060
monthly,kou,5,725000,728000,36590
monthly,kou,6,725000,728000,30130
monthly,kou,7,725000,728000,23660
monthly,otsu,0,725000,728000,251600
monthly,kou,0,728000,731000,69540
monthly,kou,1,728000,731000,63070
monthly,kou,2,728000,731000,56600
monthly,kou,3,728000,731000,50140
monthly,kou,4,728000,731000,43670
monthly,kou,5,728000,731000,37210
monthly,kou,6,728000,731000,30740
monthly,kou,7,728000,731000,24270
monthly,otsu,0,728000,731000,253100
monthly,kou,0,731000,734000,70150
monthly,kou,1,731000,734000,63680
monthly,kou,2,731000,734000,57220
monthly,kou,3,731000,734000,50750
monthly,kou,4,731000,734000,44280
monthly,kou,5,731000,734000,37820
monthly,kou,6,731000,734000,31350
monthly,kou,7,731000,734000,24880
monthly,otsu,0,731000,734000,254600
monthly,kou,0,734000,737000,70770
monthly,kou,1,734000,737000,64290
monthly,kou,2,734000,737000,57830
monthly,kou,3,734000,737000,51370
monthly,kou,4,734000,737000,44890
monthly,kou,5,734000,737000,38430
monthly,kou,6,734000,737000,31970
monthly,kou,7,734000,737000,25490
monthly,otsu,0,734000,737000,256200
monthly,kou,0,737000,740000,71380
monthly,kou,1,737000,740000,64900
monthly,kou,2,737000,740000,58440
monthly,kou,3,737000,740000,51980
monthly,kou,4,737000,740000,45510
monthly,kou,5,737000,740000,39040
monthly,kou,6,737000,740000,32580
monthly,kou,7,737000,740000,26110
monthly,otsu,0,737000,740000,257700
